{
  "REA_CK01:SOL_D1045": {
    "B": 2.24906
  },
  "REA_CK01:DCH_D1045": {
    "TM": -2.2259e-05
  },
  "REA_CK01:DCV_D1045": {
    "TM": 7.8585e-05
  },
  "REA_CK01:CAV_D1049": {
    "PHASE": 270.242,
    "AMPLITUDE": 0.119972,
    "FREQ": 80500000.0
  },
  "REA_CK01:SOL_D1052": {
    "B": 0.499623
  },
  "REA_CK01:DCH_D1052": {
    "TM": 0.0
  },
  "REA_CK01:DCV_D1052": {
    "TM": 0.0
  },
  "REA_CL01:CAV_D1065": {
    "PHASE": 356.734,
    "AMPLITUDE": 0.600146,
    "FREQ": 80500000.0
  },
  "REA_CL01:SOL_D1069": {
    "B": 2.7977
  },
  "REA_CL01:DCH_D1069": {
    "TM": 0.000916521
  },
  "REA_CL01:DCV_D1069": {
    "TM": 0.000158574
  },
  "REA_CL01:CAV_D1072": {
    "PHASE": 324.322,
    "AMPLITUDE": 0.600506,
    "FREQ": 80500000.0
  },
  "REA_CL01:CAV_D1075": {
    "PHASE": 344.714,
    "AMPLITUDE": 0.599536,
    "FREQ": 80500000.0
  },
  "REA_CL01:SOL_D1078": {
    "B": 3.20236
  },
  "REA_CL01:DCH_D1078": {
    "TM": 0.0
  },
  "REA_CL01:DCV_D1078": {
    "TM": 0.0
  },
  "REA_CL01:CAV_D1082": {
    "PHASE": 339.714,
    "AMPLITUDE": 0.600259,
    "FREQ": 80500000.0
  },
  "REA_CL01:CAV_D1084": {
    "PHASE": 337.659,
    "AMPLITUDE": 0.599436,
    "FREQ": 80500000.0
  },
  "REA_CL01:SOL_D1088": {
    "B": 2.99988
  },
  "REA_CL01:DCH_D1088": {
    "TM": 9.43051e-05
  },
  "REA_CL01:DCV_D1088": {
    "TM": 0.00068675
  },
  "REA_CL01:CAV_D1091": {
    "PHASE": 337.812,
    "AMPLITUDE": 0.599762,
    "FREQ": 80500000.0
  },
  "REA_CM01:CAV_D1102": {
    "PHASE": 335.318,
    "AMPLITUDE": 0.669853,
    "FREQ": 80500000.0
  },
  "REA_CM01:SOL_D1106": {
    "B": 3.10289
  },
  "REA_CM01:DCH_D1106": {
    "TM": 0.0
  },
  "REA_CM01:DCV_D1106": {
    "TM": 0.0
  },
  "REA_CM01:CAV_D1111": {
    "PHASE": 348.88,
    "AMPLITUDE": 0.66952,
    "FREQ": 80500000.0
  },
  "REA_CM01:CAV_D1115": {
    "PHASE": 343.75,
    "AMPLITUDE": 0.670317,
    "FREQ": 80500000.0
  },
  "REA_CM01:CAV_D1118": {
    "PHASE": 332.579,
    "AMPLITUDE": 0.669603,
    "FREQ": 80500000.0
  },
  "REA_CM01:SOL_D1123": {
    "B": 3.70307
  },
  "REA_CM01:DCH_D1123": {
    "TM": 0.000105149
  },
  "REA_CM01:DCV_D1123": {
    "TM": 0.00199263
  },
  "REA_CM01:CAV_D1127": {
    "PHASE": 331.524,
    "AMPLITUDE": 0.67036,
    "FREQ": 80500000.0
  },
  "REA_CM01:CAV_D1131": {
    "PHASE": 347.699,
    "AMPLITUDE": 0.670482,
    "FREQ": 80500000.0
  },
  "REA_CM01:CAV_D1135": {
    "PHASE": 358.535,
    "AMPLITUDE": 0.669363,
    "FREQ": 80500000.0
  },
  "REA_CM01:SOL_D1139": {
    "B": 3.79954
  },
  "REA_CM01:DCH_D1139": {
    "TM": 0.0
  },
  "REA_CM01:DCV_D1139": {
    "TM": 0.0
  },
  "REA_CM01:CAV_D1143": {
    "PHASE": 358.614,
    "AMPLITUDE": 0.670293,
    "FREQ": 80500000.0
  },
  "REA_BTS23:ROT_D1152": {
    "TM": 0.0
  },
  "REA_BTS23:DV_D1155": {
    "B": 0.0,
    "ANG": 45.0,
    "ENTANG": 22.5,
    "EXTANG": 22.5
  },
  "REA_BTS23:ROT_D1159": {
    "TM": 0.0
  },
  "REA_BTS25:Q_D1164": {
    "B2": -20.0041
  },
  "REA_BTS25:Q_D1169": {
    "B2": 18.4921
  },
  "REA_BTS25:DCH_D1172": {
    "TM": 5.92444e-07
  },
  "REA_BTS25:DCV_D1172": {
    "TM": 3.53001e-07
  },
  "REA_BTS25:Q_D1174": {
    "B2": -12.0011
  },
  "REA_BTS25:Q_D1181": {
    "B2": -12.0055
  },
  "REA_BTS25:Q_D1186": {
    "B2": 18.5162
  },
  "REA_BTS25:Q_D1192": {
    "B2": -20.0101
  },
  "REA_BTS25:ROT_D1196": {
    "TM": 0.0
  },
  "REA_BTS25:DV_D1200": {
    "B": 0.0,
    "ANG": -45.0,
    "ENTANG": -22.5,
    "EXTANG": -22.5
  },
  "REA_BTS25:ROT_D1204": {
    "TM": 0.0
  },
  "REA_BTS26:DCH_D1219": {
    "TM": 2.69829e-08
  },
  "REA_BTS26:DCV_D1219": {
    "TM": 5.81697e-07
  },
  "REA_BTS26:Q_D1221": {
    "B2": 8.80488
  },
  "REA_BTS26:Q_D1228": {
    "B2": -8.89296
  },
  "REA_BTS26:Q_D1245": {
    "B2": 9.39632
  },
  "REA_BTS26:Q_D1252": {
    "B2": -8.60682
  },
  "REA_BTS30:DCH_D1270": {
    "TM": 0.0
  },
  "REA_BTS30:DCV_D1270": {
    "TM": 0.0
  },
  "REA_BTS30:Q_D1272": {
    "B2": 0.499752
  },
  "REA_BTS30:Q_D1275": {
    "B2": 0.600582
  },
  "REA_BTS30:Q_D1281": {
    "B2": -13.3034
  },
  "REA_BTS30:Q_D1285": {
    "B2": 11.8942
  },
  "REA_BTS30:DH_D1296": {
    "B": 0.0,
    "ANG": -45.0,
    "ENTANG": -22.5,
    "EXTANG": -22.5
  },
  "REA_BTS30:DCH_D1305": {
    "TM": 4.11266e-07
  },
  "REA_BTS30:DCV_D1305": {
    "TM": -3.29737e-07
  },
  "REA_BTS30:Q_D1307": {
    "B2": -13.2964
  },
  "REA_BTS30:Q_D1310": {
    "B2": 10.8048
  },
  "REA_BTS30:Q_D1323": {
    "B2": 2.00009
  },
  "REA_BTS30:Q_D1327": {
    "B2": -3.00209
  },
  "REA_BTS30:DH_D1338": {
    "B": 0.0,
    "ANG": -45.0,
    "ENTANG": -22.5,
    "EXTANG": -22.5
  },
  "REA_BTS30:DCH_D1345": {
    "TM": 0.0
  },
  "REA_BTS30:DCV_D1345": {
    "TM": 0.0
  },
  "REA_BTS30:Q_D1346": {
    "B2": 12.0019
  },
  "REA_BTS30:Q_D1351": {
    "B2": -9.10184
  },
  "REA_BTS30:DH_D1362": {
    "B": 0.0,
    "ANG": -45.0,
    "ENTANG": -22.5,
    "EXTANG": -22.5
  },
  "REA_BTS32:Q_D1369": {
    "B2": 11.7096
  },
  "REA_BTS33:DCH_D1385": {
    "TM": 8.26496e-07
  },
  "REA_BTS33:DCV_D1385": {
    "TM": 8.99284e-09
  },
  "REA_BTS33:Q_D1388": {
    "B2": -5.50523
  },
  "REA_BTS33:Q_D1395": {
    "B2": 0.899514
  },
  "REA_BTS33:DCH_D1404": {
    "TM": 0.0
  },
  "REA_BTS33:DCV_D1404": {
    "TM": 0.0
  },
  "REA_BTS33:Q_D1411": {
    "B2": 9.09262
  },
  "REA_BTS33:Q_D1415": {
    "B2": -7.90403
  }
}