{
  "REA_CK01:SOL_D1045": {
    "B": 2.24957
  },
  "REA_CK01:DCH_D1045": {
    "TM": 0.0
  },
  "REA_CK01:DCV_D1045": {
    "TM": 0.0
  },
  "REA_CK01:CAV_D1049": {
    "PHASE": 269.976,
    "AMPLITUDE": 0.119916,
    "FREQ": 80500000.0
  },
  "REA_CK01:SOL_D1052": {
    "B": 0.500345
  },
  "REA_CK01:DCH_D1052": {
    "TM": 0.0
  },
  "REA_CK01:DCV_D1052": {
    "TM": 0.0
  },
  "REA_CL01:CAV_D1065": {
    "PHASE": 356.86,
    "AMPLITUDE": 0.5996,
    "FREQ": 80500000.0
  },
  "REA_CL01:SOL_D1069": {
    "B": 2.79792
  },
  "REA_CL01:DCH_D1069": {
    "TM": 0.0
  },
  "REA_CL01:DCV_D1069": {
    "TM": 0.0
  },
  "REA_CL01:CAV_D1072": {
    "PHASE": 324.483,
    "AMPLITUDE": 0.600319,
    "FREQ": 80500000.0
  },
  "REA_CL01:CAV_D1075": {
    "PHASE": 345.033,
    "AMPLITUDE": 0.600505,
    "FREQ": 80500000.0
  },
  "REA_CL01:SOL_D1078": {
    "B": 3.20124
  },
  "REA_CL01:DCH_D1078": {
    "TM": 0.000421543
  },
  "REA_CL01:DCV_D1078": {
    "TM": 0.00353812
  },
  "REA_CL01:CAV_D1082": {
    "PHASE": 339.941,
    "AMPLITUDE": 0.599719,
    "FREQ": 80500000.0
  },
  "REA_CL01:CAV_D1084": {
    "PHASE": 337.662,
    "AMPLITUDE": 0.599433,
    "FREQ": 80500000.0
  },
  "REA_CL01:SOL_D1088": {
    "B": 2.99918
  },
  "REA_CL01:DCH_D1088": {
    "TM": 0.0
  },
  "REA_CL01:DCV_D1088": {
    "TM": 0.0
  },
  "REA_CL01:CAV_D1091": {
    "PHASE": 338.119,
    "AMPLITUDE": 0.600505,
    "FREQ": 80500000.0
  },
  "REA_CM01:CAV_D1102": {
    "PHASE": 335.265,
    "AMPLITUDE": 0.669717,
    "FREQ": 80500000.0
  },
  "REA_CM01:SOL_D1106": {
    "B": 3.10248
  },
  "REA_CM01:DCH_D1106": {
    "TM": -0.00200069
  },
  "REA_CM01:DCV_D1106": {
    "TM": 0.0
  },
  "REA_CM01:CAV_D1111": {
    "PHASE": 349.345,
    "AMPLITUDE": 0.670625,
    "FREQ": 80500000.0
  },
  "REA_CM01:CAV_D1115": {
    "PHASE": 343.627,
    "AMPLITUDE": 0.670431,
    "FREQ": 80500000.0
  },
  "REA_CM01:CAV_D1118": {
    "PHASE": 331.982,
    "AMPLITUDE": 0.670027,
    "FREQ": 80500000.0
  },
  "REA_CM01:SOL_D1123": {
    "B": 3.70047
  },
  "REA_CM01:DCH_D1123": {
    "TM": 0.0
  },
  "REA_CM01:DCV_D1123": {
    "TM": 0.0
  },
  "REA_CM01:CAV_D1127": {
    "PHASE": 331.5,
    "AMPLITUDE": 0.670166,
    "FREQ": 80500000.0
  },
  "REA_CM01:CAV_D1131": {
    "PHASE": 347.846,
    "AMPLITUDE": 0.670594,
    "FREQ": 80500000.0
  },
  "REA_CM01:CAV_D1135": {
    "PHASE": 358.565,
    "AMPLITUDE": 0.669768,
    "FREQ": 80500000.0
  },
  "REA_CM01:SOL_D1139": {
    "B": 3.80359
  },
  "REA_CM01:DCH_D1139": {
    "TM": 0.0
  },
  "REA_CM01:DCV_D1139": {
    "TM": 0.0
  },
  "REA_CM01:CAV_D1143": {
    "PHASE": 358.737,
    "AMPLITUDE": 0.669471,
    "FREQ": 80500000.0
  },
  "REA_BTS23:ROT_D1152": {
    "TM": 0.0
  },
  "REA_BTS23:DV_D1155": {
    "B": 0.0,
    "ANG": 45.0,
    "ENTANG": 22.5,
    "EXTANG": 22.5
  },
  "REA_BTS23:ROT_D1159": {
    "TM": 0.0
  },
  "REA_BTS25:Q_D1164": {
    "B2": -20.0106
  },
  "REA_BTS25:Q_D1169": {
    "B2": 18.5162
  },
  "REA_BTS25:DCH_D1172": {
    "TM": -0.00201073
  },
  "REA_BTS25:DCV_D1172": {
    "TM": 0.000654786
  },
  "REA_BTS25:Q_D1174": {
    "B2": -12.0115
  },
  "REA_BTS25:Q_D1181": {
    "B2": -12.0094
  },
  "REA_BTS25:Q_D1186": {
    "B2": 18.4878
  },
  "REA_BTS25:Q_D1192": {
    "B2": -20.0042
  },
  "REA_BTS25:ROT_D1196": {
    "TM": 0.0
  },
  "REA_BTS25:DV_D1200": {
    "B": 0.0,
    "ANG": -45.0,
    "ENTANG": -22.5,
    "EXTANG": -22.5
  },
  "REA_BTS25:ROT_D1204": {
    "TM": 0.0
  },
  "REA_BTS26:DCH_D1219": {
    "TM": 0.0
  },
  "REA_BTS26:DCV_D1219": {
    "TM": 0.0
  },
  "REA_BTS26:Q_D1221": {
    "B2": 8.8045
  },
  "REA_BTS26:Q_D1228": {
    "B2": -8.90434
  },
  "REA_BTS26:Q_D1245": {
    "B2": 9.40037
  },
  "REA_BTS26:Q_D1252": {
    "B2": -8.60734
  },
  "REA_BTS30:DCH_D1270": {
    "TM": 2.1622e-06
  },
  "REA_BTS30:DCV_D1270": {
    "TM": -2.30279e-06
  },
  "REA_BTS30:Q_D1272": {
    "B2": 0.499678
  },
  "REA_BTS30:Q_D1275": {
    "B2": 0.600039
  },
  "REA_BTS30:Q_D1281": {
    "B2": -13.3096
  },
  "REA_BTS30:Q_D1285": {
    "B2": 11.906
  },
  "REA_BTS30:DH_D1296": {
    "B": 0.0,
    "ANG": -45.0,
    "ENTANG": -22.5,
    "EXTANG": -22.5
  },
  "REA_BTS30:DCH_D1305": {
    "TM": 0.0
  },
  "REA_BTS30:DCV_D1305": {
    "TM": 0.0
  },
  "REA_BTS30:Q_D1307": {
    "B2": -13.2989
  },
  "REA_BTS30:Q_D1310": {
    "B2": 10.7975
  },
  "REA_BTS30:Q_D1323": {
    "B2": 2.00055
  },
  "REA_BTS30:Q_D1327": {
    "B2": -2.99892
  },
  "REA_BTS30:DH_D1338": {
    "B": 0.0,
    "ANG": -45.0,
    "ENTANG": -22.5,
    "EXTANG": -22.5
  },
  "REA_BTS30:DCH_D1345": {
    "TM": 0.0
  },
  "REA_BTS30:DCV_D1345": {
    "TM": 0.0
  },
  "REA_BTS30:Q_D1346": {
    "B2": 11.9961
  },
  "REA_BTS30:Q_D1351": {
    "B2": -9.1067
  },
  "REA_BTS30:DH_D1362": {
    "B": 0.0,
    "ANG": -45.0,
    "ENTANG": -22.5,
    "EXTANG": -22.5
  },
  "REA_BTS32:Q_D1369": {
    "B2": 11.7106
  },
  "REA_BTS33:DCH_D1385": {
    "TM": -4.37183e-06
  },
  "REA_BTS33:DCV_D1385": {
    "TM": 2.84045e-06
  },
  "REA_BTS33:Q_D1388": {
    "B2": -5.49841
  },
  "REA_BTS33:Q_D1395": {
    "B2": 0.899722
  },
  "REA_BTS33:DCH_D1404": {
    "TM": 0.0
  },
  "REA_BTS33:DCV_D1404": {
    "TM": 0.0
  },
  "REA_BTS33:Q_D1411": {
    "B2": 9.09489
  },
  "REA_BTS33:Q_D1415": {
    "B2": -7.89569
  }
}